driver_id,pct_ev_trips,adopted_ev_raw,avg_earnings,avg_trip_distance,zone_tier,hours_driven_peak,total_bonus,avg_bonus_per_trip,avg_surge,avg_scenario_B_earn,avg_scenario_C_earn,pct_weekend_trips,earn_volatility,dominant_zone,n_trips,adopted_ev,adopted_ev_int,zone_tier_f
1,0.5454545454545454,TRUE,35.988,13.36,2,0.455,120,10.909,1.903,39.385,28.476,0.182,24.568,Airport,11,EV,1,Mid demand
2,0.2857142857142857,FALSE,20.508,9.1,2,0.286,40,2.857,1.709,22.984,20.126,0.286,15.713,Airport,14,Non-EV,0,Mid demand
3,0.5384615384615384,TRUE,35.968,12.59,1,0.462,240,18.462,2.125,45.83,27.368,0.308,18.596,Airport,13,EV,1,High demand
4,0.5,FALSE,24.468,10.07,2,0.375,80,10,1.866,29.23,19.229,0.25,14.216,Downtown,8,Non-EV,0,Mid demand
5,0.5,FALSE,27.055,9.95,2,0.25,40,5,1.96,24.767,19.768,0.375,22.001,Airport,8,Non-EV,0,Mid demand
6,0.14285714285714285,FALSE,14.064,6.8,2,0.143,0,0,1.606,13.744,13.743,0.143,11.117,Midtown,7,Non-EV,0,Mid demand
7,0.125,FALSE,19.008,9.06,2,0.25,0,0,1.746,19.006,19.005,0.25,9.815,Downtown,8,Non-EV,0,Mid demand
8,0.46153846153846156,FALSE,27.335,10.29,2,0.231,80,6.154,1.921,30.539,24.386,0.308,19.37,Airport,13,Non-EV,0,Mid demand
9,0.2727272727272727,FALSE,30.386,10.01,1,0.455,40,3.636,2.244,31.198,27.561,0.182,25.869,Downtown,11,Non-EV,0,High demand
10,0.3333333333333333,FALSE,26.08,11.36,1,0.083,0,0,1.802,25.27,25.272,0.333,20.186,Airport,12,Non-EV,0,High demand
11,0.3,FALSE,23.023,9.55,2,0.2,80,8,1.708,27.496,19.496,0.4,20.871,Airport,10,Non-EV,0,Mid demand
12,0.42857142857142855,FALSE,30.623,11.25,1,0.357,80,5.714,1.968,30.307,24.593,0.143,20.089,Airport,14,Non-EV,0,High demand
13,0.4,FALSE,17.268,8.22,2,0.1,40,4,1.632,20.288,16.289,0.2,10.598,Downtown,10,Non-EV,0,Mid demand
14,0.5714285714285714,TRUE,17.336,6.69,2,0.286,120,8.571,2.007,22.929,14.356,0.143,13.308,Downtown,14,EV,1,Mid demand
15,0.42857142857142855,FALSE,15.261,6.61,2,0.286,0,0,1.83,15.064,15.064,0.143,13.832,Midtown,7,Non-EV,0,Mid demand
16,0.6666666666666666,TRUE,20.227,9.27,2,0.111,40,4.444,1.678,22.281,17.838,0.444,12.341,Midtown,9,EV,1,Mid demand
17,0.4166666666666667,FALSE,21.203,8.17,2,0.417,80,6.667,1.972,26.202,19.535,0.333,14.909,Downtown,12,Non-EV,0,Mid demand
18,0.6,TRUE,23.823,9.73,2,0.4,80,8,1.969,29.708,21.708,0,16.414,Downtown,10,EV,1,Mid demand
19,0.5714285714285714,TRUE,25.936,8.56,1,0.857,120,17.143,2.18,37.46,20.316,0.143,21.791,Downtown,7,EV,1,High demand
20,0.38461538461538464,FALSE,27.209,9.29,1,0.615,80,6.154,2.148,29.998,23.845,0.231,25.149,Downtown,13,Non-EV,0,High demand
21,0.4,FALSE,23.044,10.82,2,0.2,0,0,1.642,22.606,22.606,0.2,14.276,Airport,5,Non-EV,0,Mid demand
22,0.375,FALSE,29.136,11.64,2,0.25,40,5,1.91,30.724,25.724,0,18.665,Airport,8,Non-EV,0,Mid demand
23,0,FALSE,17.233,7.94,2,0.333,0,0,1.808,17.237,17.237,0,8.902,Downtown,6,Non-EV,0,Mid demand
24,0.5,FALSE,21.833,9.26,2,0.3,40,4,1.829,24.165,20.165,0.2,17.79,Airport,10,Non-EV,0,Mid demand
25,0.2,FALSE,26.812,10.79,2,0.5,40,4,2.004,27.435,23.435,0.2,18.855,Airport,10,Non-EV,0,Mid demand
26,0.4166666666666667,FALSE,30.088,10.58,1,0.417,80,6.667,2.135,33.239,26.572,0.5,21.915,Airport,12,Non-EV,0,High demand
27,0.3,FALSE,36.84,13.85,1,0.3,40,4,2.001,38.869,34.869,0.1,21.874,Airport,10,Non-EV,0,High demand
28,0.5454545454545454,TRUE,21.931,8.94,2,0.273,120,10.909,1.889,29.092,18.183,0.273,18.696,Downtown,11,EV,1,Mid demand
29,0.5,FALSE,19.497,8.55,2,0.375,80,10,1.74,27.307,17.307,0.125,10.556,Suburb_South,8,Non-EV,0,Mid demand
30,0.6666666666666666,TRUE,26.189,10.32,2,0.333,120,13.333,1.906,34.12,20.786,0.222,17.371,Airport,9,EV,1,Mid demand
31,0,FALSE,13.933,7.52,2,0,0,0,1.657,13.933,13.933,0.333,5.507,Downtown,3,Non-EV,0,Mid demand
32,0.42857142857142855,FALSE,20.887,8.32,2,0.286,80,5.714,1.881,23.199,17.485,0.214,16.767,Downtown,14,Non-EV,0,Mid demand
33,0.23076923076923078,FALSE,27.228,11.25,2,0.231,40,3.077,1.838,29.25,26.173,0.231,18.347,Airport,13,Non-EV,0,Mid demand
34,0.2222222222222222,FALSE,22.957,9.06,2,0.444,0,0,1.909,22.177,22.177,0.111,16.93,Downtown,9,Non-EV,0,Mid demand
35,0.6,TRUE,22.819,9.82,2,0.2,80,8,1.748,29.041,21.042,0.2,16.695,Airport,10,EV,1,Mid demand
36,0.625,TRUE,19.5,6.85,1,0.625,120,15,2.131,29.949,14.949,0,16.055,Downtown,8,EV,1,High demand
37,0.15384615384615385,FALSE,22.938,9.51,1,0.308,0,0,1.917,22.765,22.765,0.154,19.021,Downtown,13,Non-EV,0,High demand
38,0.4,FALSE,23.9,9.68,2,0,0,0,1.798,18.266,18.266,0.2,24.937,Downtown,5,Non-EV,0,Mid demand
39,0.375,FALSE,30.935,10.31,1,0.5,40,5,2.115,32.538,27.539,0.125,23.293,Airport,8,Non-EV,0,High demand
40,0.2857142857142857,FALSE,21.35,7.97,2,0.571,0,0,2.139,20.929,20.929,0.286,15.934,Downtown,7,Non-EV,0,Mid demand
41,0.25,FALSE,19.803,8.7,2,0.25,40,5,1.865,24.624,19.622,0.5,12.941,Downtown,8,Non-EV,0,Mid demand
42,0.4166666666666667,FALSE,23.141,9.6,2,0.417,40,3.333,1.865,25.411,22.078,0.333,13.686,Suburb_South,12,Non-EV,0,Mid demand
43,0.5,FALSE,21.159,9.52,2,0.214,80,5.714,1.769,24.611,18.897,0.286,11.347,Airport,14,Non-EV,0,Mid demand
44,0.6,TRUE,31.994,11.06,1,0.4,80,16,2.128,38.89,22.89,0,26.289,Airport,5,EV,1,High demand
45,0.4444444444444444,FALSE,22.004,10,2,0.333,80,8.889,1.767,28.583,19.696,0.222,16.004,Airport,9,Non-EV,0,Mid demand
46,0.5,FALSE,16.815,7.57,2,0.2,0,0,1.769,16.06,16.06,0.1,7.646,Downtown,10,Non-EV,0,Mid demand
47,0.5384615384615384,TRUE,22.025,9.38,2,0.231,80,6.154,1.745,26.428,20.274,0.154,13.107,Suburb_South,13,EV,1,Mid demand
48,0.2727272727272727,FALSE,17.172,7.03,2,0.364,40,3.636,1.97,19.9,16.265,0.364,16.113,Downtown,11,Non-EV,0,Mid demand
49,0.35,FALSE,29.318,11.5,2,0.3,120,6,1.877,31.317,25.317,0.45,19.289,Airport,20,Non-EV,0,Mid demand
50,0.2,FALSE,27.362,9.91,1,0.4,0,0,2.116,27.004,27.004,0.4,22.244,Airport,5,Non-EV,0,High demand
51,0.5555555555555556,TRUE,26.407,10.24,1,0.444,120,13.333,1.818,34.118,20.786,0.222,24.727,Airport,9,EV,1,High demand
52,0,FALSE,22.725,7.96,2,0.667,0,0,2.197,22.725,22.725,0.5,20.036,Downtown,6,Non-EV,0,Mid demand
53,0.3888888888888889,FALSE,25.358,9.93,2,0.278,120,6.667,1.915,28.834,22.168,0.333,19.434,Airport,18,Non-EV,0,Mid demand
54,0.2857142857142857,FALSE,20.954,8.49,1,0,0,0,1.816,18.813,18.814,0.5,17.739,Downtown,14,Non-EV,0,High demand
55,0.375,FALSE,28.862,11.02,2,0.625,120,15,1.965,39.189,24.189,0.25,22.087,Airport,8,Non-EV,0,Mid demand
56,0.5555555555555556,TRUE,16.339,7.17,2,0.111,0,0,1.777,14.764,14.766,0.111,12.503,Downtown,9,EV,1,Mid demand
57,0.6666666666666666,TRUE,18.17,7.93,2,0.25,80,6.667,1.72,22.767,16.1,0.167,9.812,Downtown,12,EV,1,Mid demand
58,0.18181818181818182,FALSE,28.453,10.11,2,0.545,40,3.636,2.21,28.53,24.894,0.364,18.316,Airport,11,Non-EV,0,Mid demand
59,0.5625,TRUE,28.271,11.5,2,0.25,120,7.5,1.846,32.791,25.292,0.188,17.045,Airport,16,EV,1,Mid demand
60,0.5,FALSE,25.024,10.12,2,0.125,40,5,1.735,24.623,19.623,0.25,19.909,Suburb_North,8,Non-EV,0,Mid demand
61,0.7272727272727273,TRUE,24.073,10.63,2,0.182,40,3.636,1.683,26.59,22.955,0.091,15.289,Airport,11,EV,1,Mid demand
62,0.4375,FALSE,19.901,9.47,2,0.25,40,2.5,1.609,21.303,18.803,0.125,14.923,Suburb_North,16,Non-EV,0,Mid demand
63,0.42857142857142855,FALSE,25.329,10.04,2,0.357,80,5.714,1.826,28.876,23.161,0.286,24.037,Downtown,14,Non-EV,0,Mid demand
64,0.42857142857142855,FALSE,31.624,10.35,1,0.429,40,5.714,2.221,35.803,30.089,0,28.835,Downtown,7,Non-EV,0,High demand
65,0,FALSE,21.851,8.89,2,0.3,0,0,1.885,21.852,21.852,0.3,16.269,Downtown,10,Non-EV,0,Mid demand
66,0.25,FALSE,16.657,7.1,2,0.375,40,5,1.849,20.786,15.787,0.125,10.945,Downtown,8,Non-EV,0,Mid demand
67,0.42857142857142855,FALSE,28.071,10.68,1,0.143,0,0,2.017,24.163,24.163,0.429,16.513,Airport,7,Non-EV,0,High demand
68,0.18181818181818182,FALSE,14.671,6.78,2,0.273,40,3.636,1.765,18.094,14.457,0.182,8.599,Downtown,11,Non-EV,0,Mid demand
69,0.25,FALSE,28.413,10.05,1,0.5,0,0,2.145,25.904,25.905,0.25,19.372,Airport,8,Non-EV,0,High demand
70,0.2857142857142857,FALSE,15.63,7.9,2,0.143,0,0,1.671,15.604,15.604,0.143,9.36,Midtown,7,Non-EV,0,Mid demand
71,0.4,FALSE,17.032,8.64,1,0,0,0,1.54,17.032,17.034,0,11.953,Downtown,5,Non-EV,0,High demand
72,0.38461538461538464,FALSE,22.43,10.08,2,0.308,40,3.077,1.795,24.418,21.34,0.154,13.893,Airport,13,Non-EV,0,Mid demand
73,0.6666666666666666,TRUE,26.212,11.64,2,0,0,0,1.552,24,24.005,0.5,19.74,Suburb_South,6,EV,1,Mid demand
74,0.4444444444444444,FALSE,26.439,10.71,2,0.222,120,6.667,1.802,30.162,23.496,0.333,21.149,Airport,18,Non-EV,0,Mid demand
75,0.3076923076923077,FALSE,29.337,12.34,2,0.385,40,3.077,1.892,31.333,28.256,0.308,17.211,Airport,13,Non-EV,0,Mid demand
76,0.2857142857142857,FALSE,16.901,7.94,2,0.429,0,0,1.766,16.9,16.901,0.429,4.996,Suburb_North,7,Non-EV,0,Mid demand
77,0.6363636363636364,TRUE,16.729,7.97,2,0.182,0,0,1.698,15.883,15.882,0.273,9.567,Downtown,11,EV,1,Mid demand
78,0.4,FALSE,14.178,6.82,2,0.2,40,4,1.689,17.099,13.097,0.2,10.939,Downtown,10,Non-EV,0,Mid demand
79,0.42857142857142855,FALSE,18.386,7.31,1,0.143,40,5.714,1.921,22.271,16.557,0.286,13.963,Downtown,7,Non-EV,0,High demand
80,0.25,FALSE,27.337,11.13,2,0.125,0,0,1.892,24.716,24.715,0.375,14.602,Airport,8,Non-EV,0,Mid demand
81,0.3333333333333333,FALSE,25.672,11.09,2,0.167,0,0,1.757,23.439,23.439,0.25,18.611,Airport,12,Non-EV,0,Mid demand
82,0.4444444444444444,FALSE,33.906,12.79,2,0.278,120,6.667,1.99,33.838,27.169,0.278,20.572,Airport,18,Non-EV,0,Mid demand
83,0.5,FALSE,29.094,11.32,2,0.214,80,5.714,1.909,31.394,25.68,0.214,19.335,Airport,14,Non-EV,0,Mid demand
84,0.5,FALSE,12.5,5.12,2,0.071,0,0,1.871,11.362,11.363,0.357,9.125,Downtown,14,Non-EV,0,Mid demand
85,0.2727272727272727,FALSE,21.889,7.79,2,0.636,80,7.273,1.995,23.864,16.591,0.273,23.125,Downtown,11,Non-EV,0,Mid demand
86,0.4,FALSE,22.02,10.15,1,0,0,0,1.6,19.372,19.372,0.2,17.816,Airport,5,Non-EV,0,High demand
87,0.42857142857142855,FALSE,20.228,8.92,2,0.357,40,2.857,1.857,21.391,18.534,0.286,10.37,Downtown,14,Non-EV,0,Mid demand
88,0.25,FALSE,16.466,7.65,2,0.25,40,5,1.856,21.115,16.116,0.125,12.036,Downtown,8,Non-EV,0,Mid demand
89,0.8888888888888888,TRUE,24.16,9.43,2,0.444,120,13.333,1.833,33.037,19.702,0.222,13.93,Airport,9,EV,1,Mid demand
90,0.5833333333333334,TRUE,26.62,10.4,2,0.25,120,10,1.887,31.649,21.649,0.25,23.623,Airport,12,EV,1,Mid demand
91,0.6,TRUE,25.285,10.02,2,0.267,80,5.333,1.809,28.569,23.236,0.267,19.828,Suburb_North,15,EV,1,Mid demand
92,0.2727272727272727,FALSE,24.754,9.65,2,0.364,80,7.273,1.858,28.755,21.483,0.091,21.419,Airport,11,Non-EV,0,Mid demand
93,0.4,FALSE,29.201,11.72,1,0.3,40,4,1.898,29.118,25.117,0.2,17.87,Airport,10,Non-EV,0,High demand
94,0.3333333333333333,FALSE,23.647,9.75,2,0.222,40,4.444,1.797,25.301,20.856,0,19.134,Airport,9,Non-EV,0,Mid demand
95,0.5,FALSE,21.367,7.73,2,0.5,120,12,1.952,30.044,18.044,0.3,17.103,Downtown,10,Non-EV,0,Mid demand
96,0.6666666666666666,TRUE,11.597,3.72,2,1,80,26.667,2.327,35.167,8.5,0,4.482,Downtown,3,EV,1,Mid demand
97,0.6363636363636364,TRUE,30.376,10.71,2,0.636,160,14.545,2.053,40.379,25.834,0.364,19.963,Airport,11,EV,1,Mid demand
98,0.3333333333333333,FALSE,20.672,9.8,2,0.167,80,6.667,1.678,26.673,20.007,0,9.684,Suburb_North,12,Non-EV,0,Mid demand
99,0.14285714285714285,FALSE,18.499,8.17,2,0.571,40,5.714,1.816,23.989,18.274,0,7.117,Midtown,7,Non-EV,0,Mid demand
100,0.09090909090909091,FALSE,34.165,11.78,1,0.364,40,3.636,2.125,34.473,30.836,0.455,26.668,Airport,11,Non-EV,0,High demand
101,0.375,FALSE,20.072,8.33,2,0.375,0,0,1.812,18.472,18.472,0,18.839,Downtown,8,Non-EV,0,Mid demand
102,0,FALSE,29.033,11.63,2,0.286,0,0,1.86,29.034,29.034,0.429,22.457,Airport,7,Non-EV,0,Mid demand
103,0.3333333333333333,FALSE,24.266,9.44,2,0.25,80,6.667,1.879,27.231,20.564,0.5,16.667,Airport,12,Non-EV,0,Mid demand
104,0.125,FALSE,23.63,10.24,2,0.25,0,0,1.891,23.429,23.429,0.375,15.867,Downtown,8,Non-EV,0,Mid demand
105,0.4166666666666667,FALSE,22.847,8.89,2,0.417,80,6.667,2.02,26.849,20.183,0.5,14.615,Downtown,12,Non-EV,0,Mid demand
106,0.5833333333333334,TRUE,18.687,7.97,2,0.083,0,0,1.77,17.33,17.331,0.083,16.947,Downtown,12,EV,1,Mid demand
107,0.5,FALSE,33.859,13.71,2,0.375,40,5,1.841,35.939,30.939,0,20.358,Airport,8,Non-EV,0,Mid demand
108,0.23076923076923078,FALSE,21.768,8.52,2,0.231,40,3.077,1.893,22.998,19.922,0.385,17.513,Downtown,13,Non-EV,0,Mid demand
109,0.29411764705882354,FALSE,18.81,7.87,2,0.294,40,2.353,1.825,20.942,18.59,0.235,18.322,Downtown,17,Non-EV,0,Mid demand
110,0.46153846153846156,FALSE,26.102,9.89,2,0.385,80,6.154,1.816,29.805,23.65,0.308,22.834,Airport,13,Non-EV,0,Mid demand
111,0.42857142857142855,FALSE,37.666,12.51,1,0.714,40,5.714,2.226,41.72,36.006,0.429,21.294,Airport,7,Non-EV,0,High demand
112,0.35714285714285715,FALSE,24.951,10.67,2,0.286,80,5.714,1.761,26.844,21.13,0.143,20.528,Airport,14,Non-EV,0,Mid demand
113,0.4166666666666667,FALSE,24.161,9.8,2,0.333,40,3.333,1.8,23.918,20.584,0.25,17.048,Midtown,12,Non-EV,0,Mid demand
114,0.2222222222222222,FALSE,21.132,9.01,2,0.333,40,4.444,1.897,24.656,20.211,0.333,8.832,Downtown,9,Non-EV,0,Mid demand
115,0.36363636363636365,FALSE,28,11.15,2,0.182,0,0,1.725,26.614,26.615,0.455,24.361,Suburb_North,11,Non-EV,0,Mid demand
116,0.875,TRUE,35.221,12.93,2,0.25,80,10,1.903,37.006,27.005,0.125,25.821,Airport,8,EV,1,Mid demand
117,0.16666666666666666,FALSE,24.542,10.36,2,0.167,0,0,1.798,24.54,24.538,0.167,19.901,Airport,6,Non-EV,0,Mid demand
118,0.38461538461538464,FALSE,20.981,9.49,2,0.154,0,0,1.716,20.248,20.248,0.154,15.812,Downtown,13,Non-EV,0,Mid demand
119,0.5,FALSE,23.148,8.8,2,0.2,40,4,1.83,22.496,18.496,0.4,19.814,Suburb_North,10,Non-EV,0,Mid demand
120,0.2,FALSE,20.134,9.29,2,0.4,0,0,1.682,20.132,20.13,0.6,12.453,Suburb_South,5,Non-EV,0,Mid demand
121,0.5,FALSE,11.596,4.93,1,0.25,0,0,1.802,11.066,11.068,0.125,7.926,Downtown,8,Non-EV,0,High demand
122,1,TRUE,12.125,4.98,3,0.25,40,10,1.74,19.55,9.555,0.5,8.701,Suburb_North,4,EV,1,Low demand
123,0.6,TRUE,27.07,11.64,1,0.2,0,0,1.684,24.466,24.47,0.2,20.898,Airport,5,EV,1,High demand
124,0.16666666666666666,FALSE,21.142,8.33,2,0.5,0,0,1.977,20.108,20.108,0,20.31,Airport,6,Non-EV,0,Mid demand
125,0.3076923076923077,FALSE,21.84,8.16,1,0.308,0,0,2.015,20.566,20.565,0.231,16.367,Downtown,13,Non-EV,0,High demand
126,0.25,FALSE,17.87,8.31,2,0.25,40,5,1.754,22.609,17.609,0.125,12.181,Downtown,8,Non-EV,0,Mid demand
127,0.4444444444444444,FALSE,22.033,8.68,2,0.333,40,4.444,1.959,24.198,19.752,0.444,10.465,Downtown,9,Non-EV,0,Mid demand
128,0.16666666666666666,FALSE,14.02,6.74,2,0.167,0,0,1.757,14.018,14.02,0.167,8.829,Suburb_South,6,Non-EV,0,Mid demand
129,0.5,FALSE,21.382,8.91,2,0.333,40,6.667,1.79,25.27,18.603,0.5,16.667,Suburb_North,6,Non-EV,0,Mid demand
130,0.35714285714285715,FALSE,16.266,7.76,2,0.071,0,0,1.693,15.195,15.196,0.286,12.356,Downtown,14,Non-EV,0,Mid demand
131,0.5,FALSE,24.407,8.55,2,0.417,120,10,2.035,28.568,18.569,0.25,21.934,Downtown,12,Non-EV,0,Mid demand
132,0.45454545454545453,FALSE,22.208,8.76,2,0.364,40,3.636,1.864,22.663,19.026,0.182,14.808,Downtown,11,Non-EV,0,Mid demand
133,0.7142857142857143,TRUE,27.151,9.63,1,0.286,80,11.429,2.08,33.403,21.974,0.286,24.816,Downtown,7,EV,1,High demand
134,0.14285714285714285,FALSE,26.147,11.93,2,0.286,40,5.714,1.731,31.463,25.749,0,12.843,Airport,7,Non-EV,0,Mid demand
135,0.5,FALSE,15.495,7.77,3,0.375,80,10,1.546,24.251,14.252,0,6.592,Midtown,8,Non-EV,0,Low demand
136,0.4,FALSE,19.775,7.87,2,0.5,120,12,1.9,28.724,16.724,0.1,11.543,Downtown,10,Non-EV,0,Mid demand
137,0.1,FALSE,19.036,7.77,2,0.4,0,0,1.823,18.757,18.757,0,17.362,Downtown,10,Non-EV,0,Mid demand
138,0.5555555555555556,TRUE,23.607,9.23,2,0.556,80,8.889,2.007,31.404,22.518,0.444,16.161,Airport,9,EV,1,Mid demand
139,0.4,FALSE,16.746,7.19,2,0.4,40,8,1.882,23.956,15.956,0.6,3.349,Downtown,5,Non-EV,0,Mid demand
140,0.23076923076923078,FALSE,16.307,6.93,1,0.154,0,0,1.957,15.986,15.988,0.462,12.755,Downtown,13,Non-EV,0,High demand
141,0.6666666666666666,TRUE,13.303,4.9,1,0.444,120,13.333,2.067,24.416,11.082,0.556,10.485,Downtown,9,EV,1,High demand
142,0.3888888888888889,FALSE,16.711,6.82,2,0.5,80,4.444,1.851,19.939,15.496,0.111,16.453,Downtown,18,Non-EV,0,Mid demand
143,0.16666666666666666,FALSE,24.965,9.43,2,0.667,40,6.667,2.082,30.425,23.758,0.333,14.12,Downtown,6,Non-EV,0,Mid demand
144,0.4,FALSE,13.218,5.42,2,0.4,80,16,1.966,26.91,10.91,0.6,7.795,Downtown,5,Non-EV,0,Mid demand
145,0.3333333333333333,FALSE,24.22,11.39,2,0.167,0,0,1.622,22.565,22.565,0,12.804,Airport,6,Non-EV,0,Mid demand
146,0.4,FALSE,21.428,10.05,2,0.2,0,0,1.657,21.426,21.426,0.1,13.225,Suburb_North,10,Non-EV,0,Mid demand
147,0.5625,TRUE,20.749,9.17,2,0.062,40,2.5,1.653,21.494,18.994,0.312,16.415,Airport,16,EV,1,Mid demand
148,0.6,TRUE,32.739,12.13,2,0.4,120,8,1.989,35.585,27.583,0.2,21.699,Airport,15,EV,1,Mid demand
149,0.4,FALSE,16.042,6.74,2,0.2,0,0,1.828,14.03,14.03,0,14.136,Downtown,5,Non-EV,0,Mid demand
150,0.5,FALSE,18.84,8.19,2,0.25,40,5,1.758,22.125,17.126,0.25,11.186,Midtown,8,Non-EV,0,Mid demand
151,0.3333333333333333,FALSE,15.702,8.52,2,0.111,0,0,1.659,15.256,15.254,0.444,7.399,Suburb_South,9,Non-EV,0,Mid demand
152,0.3,FALSE,27.881,10.71,1,0.2,40,4,1.897,28.996,24.997,0.1,20.635,Airport,10,Non-EV,0,High demand
153,0.2857142857142857,FALSE,12.38,5.75,2,0.286,40,5.714,1.79,17.119,11.406,0.429,5.966,Midtown,7,Non-EV,0,Mid demand
154,0.3,FALSE,21.432,8.99,2,0.2,0,0,1.866,19.127,19.128,0.6,16.587,Downtown,10,Non-EV,0,Mid demand
155,0.3076923076923077,FALSE,19.9,8.58,2,0.154,0,0,1.705,19.519,19.521,0.308,19.001,Downtown,13,Non-EV,0,Mid demand
156,0.4375,FALSE,19.134,7.4,2,0.25,160,10,1.943,25.756,15.755,0.375,16.232,Downtown,16,Non-EV,0,Mid demand
157,0.2,FALSE,21.842,8.64,2,0.4,40,8,1.998,28.138,20.138,0.2,11.461,Downtown,5,Non-EV,0,Mid demand
158,0.25,FALSE,24.148,8.97,2,0.583,80,6.667,2.042,30.125,23.458,0.25,18.496,Downtown,12,Non-EV,0,Mid demand
159,0.36363636363636365,FALSE,21.177,9.79,2,0.273,40,3.636,1.675,23.922,20.285,0.091,13.146,Midtown,11,Non-EV,0,Mid demand
160,0.16666666666666666,FALSE,10.863,6.14,2,0,0,0,1.565,10.863,10.862,0.667,4.395,Downtown,6,Non-EV,0,Mid demand
161,0.4444444444444444,FALSE,27.473,10.52,2,0.556,80,8.889,1.832,32.289,23.4,0,24.371,Midtown,9,Non-EV,0,Mid demand
162,0.3,FALSE,31.299,11.01,1,0.5,80,8,2.018,33.445,25.444,0.4,24.829,Airport,10,Non-EV,0,High demand
163,0.2727272727272727,FALSE,27.298,10.17,1,0.273,0,0,2.057,25.771,25.771,0.273,20.35,Airport,11,Non-EV,0,High demand
164,0.2222222222222222,FALSE,31.72,13.26,2,0.333,40,4.444,1.869,33.363,28.92,0,15.029,Airport,9,Non-EV,0,Mid demand
165,0.38461538461538464,FALSE,27.46,11.1,1,0.231,40,3.077,1.987,27.48,24.403,0.231,19.743,Airport,13,Non-EV,0,High demand
166,0.25,FALSE,19.825,9.79,3,0.25,40,5,1.578,24.725,19.724,0.25,10.51,Suburb_South,8,Non-EV,0,Low demand
167,0.26666666666666666,FALSE,23.637,8.81,2,0.533,120,8,2.037,27.99,19.989,0.2,18.184,Midtown,15,Non-EV,0,Mid demand
168,0.4,FALSE,10.746,4.63,2,0.4,0,0,1.81,10.142,10.142,0.2,6.706,Downtown,5,Non-EV,0,Mid demand
169,0.7142857142857143,TRUE,31.34,10.8,1,0.286,80,11.429,1.95,33.511,22.086,0.143,27.038,Airport,7,EV,1,High demand
170,0.36363636363636365,FALSE,25.614,11.45,2,0.091,40,3.636,1.718,26.373,22.737,0.273,15.723,Airport,11,Non-EV,0,Mid demand
171,0.5555555555555556,TRUE,22.139,9.05,2,0.111,40,4.444,1.818,24.637,20.192,0.556,14.418,Downtown,9,EV,1,Mid demand
172,0.42857142857142855,FALSE,21.903,8.58,2,0.429,80,5.714,1.863,25.196,19.482,0.143,18.212,Downtown,14,Non-EV,0,Mid demand
173,0.35714285714285715,FALSE,18.366,7.62,2,0.286,80,5.714,1.908,22.716,17.002,0.286,13.142,Downtown,14,Non-EV,0,Mid demand
174,0.4166666666666667,FALSE,25.378,9.89,2,0.5,80,6.667,2.008,30.218,23.552,0.333,15.74,Downtown,12,Non-EV,0,Mid demand
175,0.4166666666666667,FALSE,13.959,6.3,2,0.417,120,10,1.784,22.782,12.783,0.25,7.063,Midtown,12,Non-EV,0,Mid demand
176,0.25,FALSE,28.792,10.54,2,0.5,40,5,2.009,32.289,27.29,0.25,20.647,Airport,8,Non-EV,0,Mid demand
177,0.6666666666666666,TRUE,25.338,8.87,2,0.5,120,20,2.122,39.092,19.092,0.333,18.664,Downtown,6,EV,1,Mid demand
178,0.2,FALSE,21.058,8.63,2,0.4,80,5.333,1.859,25.326,19.993,0.267,16.136,Midtown,15,Non-EV,0,Mid demand
179,0.36363636363636365,FALSE,16.508,7.62,2,0.182,40,3.636,1.709,18.507,14.871,0.273,10.462,Downtown,11,Non-EV,0,Mid demand
180,0.4375,FALSE,17.092,7.83,2,0.125,40,2.5,1.736,18.598,16.098,0.062,8.498,Downtown,16,Non-EV,0,Mid demand
181,0.25,FALSE,15.291,7.41,2,0.25,0,0,1.706,15.291,15.29,0.25,7.088,Suburb_South,8,Non-EV,0,Mid demand
182,0.375,FALSE,23.021,9.42,2,0.125,0,0,1.758,22.911,22.914,0.5,22.861,Airport,8,Non-EV,0,Mid demand
183,0.4,FALSE,21.522,8.79,3,0.4,40,8,1.848,26.032,18.032,0.4,9.593,Suburb_North,5,Non-EV,0,Low demand
184,0,FALSE,17.501,8.68,3,0.273,0,0,1.745,17.501,17.501,0.545,8.766,Suburb_North,11,Non-EV,0,Low demand
185,0.5454545454545454,TRUE,24.98,9.99,2,0.182,80,7.273,1.795,27.623,20.349,0.091,20.435,Airport,11,EV,1,Mid demand
186,0.625,TRUE,10.959,4.65,2,0.375,40,5,1.865,14.747,9.746,0.125,2.697,Downtown,8,EV,1,Mid demand
187,0.25,FALSE,14.939,6.52,2,0.125,40,5,1.784,18.204,13.204,0.125,13.125,Downtown,8,Non-EV,0,Mid demand
188,0.3,FALSE,28.193,11.04,1,0.3,0,0,2.046,26.942,26.942,0.5,18.329,Airport,10,Non-EV,0,High demand
189,0.5333333333333333,TRUE,20.49,7.42,2,0.533,120,8,2.031,24.722,16.723,0.267,20.72,Downtown,15,EV,1,Mid demand
190,0.5,FALSE,19.355,8.02,2,0.5,160,13.333,1.892,29.867,16.532,0.083,12.213,Suburb_South,12,Non-EV,0,Mid demand
191,0.375,FALSE,21.859,8.45,1,0.125,0,0,1.824,20.152,20.152,0,20.216,Downtown,8,Non-EV,0,High demand
192,0.38461538461538464,FALSE,22.359,8.93,2,0.154,0,0,1.854,20.119,20.119,0.385,17.396,Airport,13,Non-EV,0,Mid demand
193,0.4444444444444444,FALSE,24.339,9.34,2,0.333,80,8.889,1.853,29.118,20.229,0.444,18.495,Downtown,9,Non-EV,0,Mid demand
194,0.4,FALSE,12.074,5.83,2,0,0,0,1.674,10.914,10.918,0.2,7.993,Downtown,5,Non-EV,0,Mid demand
195,0.36363636363636365,FALSE,25.972,11.42,2,0.182,0,0,1.629,25.556,25.555,0,20.295,Airport,11,Non-EV,0,Mid demand
196,0.25,FALSE,21.474,8.85,2,0.375,80,10,2.038,30.381,20.381,0.125,15.452,Downtown,8,Non-EV,0,Mid demand
197,0.25,FALSE,21.785,9.21,1,0.25,40,5,1.941,23.663,18.663,0.25,15.745,Downtown,8,Non-EV,0,High demand
198,0.38461538461538464,FALSE,23.652,10,2,0.077,40,3.077,1.745,24.895,21.817,0.308,19.285,Airport,13,Non-EV,0,Mid demand
199,0.5,FALSE,25.108,10.33,1,0.1,40,4,1.814,26.943,22.944,0.3,18.239,Airport,10,Non-EV,0,High demand
200,0.5833333333333334,TRUE,23.887,10.14,2,0.167,40,3.333,1.825,24.902,21.568,0.417,17.33,Airport,12,EV,1,Mid demand
201,0.18181818181818182,FALSE,24.523,9.95,2,0.182,40,3.636,1.876,24.954,21.316,0.455,22.339,Downtown,11,Non-EV,0,Mid demand
202,0.38461538461538464,FALSE,21.755,8.33,2,0.385,120,9.231,2.01,29.389,20.158,0.231,15.197,Downtown,13,Non-EV,0,Mid demand
203,0.6363636363636364,TRUE,25.674,9.24,2,0.455,120,10.909,2.019,30.705,19.797,0.273,22.531,Downtown,11,EV,1,Mid demand
204,0.6666666666666666,TRUE,25.378,9.14,2,0.333,120,8,1.93,29.859,21.859,0.533,23.174,Suburb_North,15,EV,1,Mid demand
205,0.5,FALSE,21.745,8.64,2,0.375,0,0,1.821,20.936,20.935,0.125,15.289,Suburb_North,8,Non-EV,0,Mid demand
206,0.3,FALSE,24.54,9.36,2,0.3,80,8,1.972,28.261,20.262,0.5,21.637,Airport,10,Non-EV,0,Mid demand
207,0.25,FALSE,20.819,8.88,2,0.25,40,3.333,1.841,22.323,18.991,0.333,15.883,Downtown,12,Non-EV,0,Mid demand
208,0.5714285714285714,TRUE,19.99,8.25,2,0.286,80,5.714,1.825,23.473,17.759,0.429,9.77,Midtown,14,EV,1,Mid demand
209,0.75,TRUE,19.47,7.77,2,0.25,40,5,1.832,21.972,16.971,0.125,16.689,Downtown,8,EV,1,Mid demand
210,0.2222222222222222,FALSE,24.121,10.51,2,0.222,0,0,1.792,22.854,22.853,0.222,18.782,Airport,9,Non-EV,0,Mid demand
211,0.5,FALSE,28.976,10.88,1,0.125,0,0,1.881,26.736,26.738,0.5,22.241,Airport,8,Non-EV,0,High demand
212,0.16666666666666666,FALSE,23.1,10.55,2,0.25,40,3.333,1.841,25.737,22.402,0.5,12.946,Airport,12,Non-EV,0,Mid demand
213,0.21428571428571427,FALSE,19.886,8.8,2,0.286,40,2.857,1.747,21.059,18.202,0.429,14.676,Midtown,14,Non-EV,0,Mid demand
214,0.4666666666666667,FALSE,26.521,9.42,2,0.467,240,16,1.9,34.857,18.857,0.133,22.156,Airport,15,Non-EV,0,Mid demand
215,0.46153846153846156,FALSE,21.623,8.6,2,0.385,80,6.154,1.905,25.458,19.305,0.231,12.274,Downtown,13,Non-EV,0,Mid demand
216,0.2,FALSE,18.532,9.58,3,0.4,40,8,1.614,25.842,17.842,0,11.663,Suburb_North,5,Non-EV,0,Low demand
217,0.625,TRUE,20.038,9.22,2,0.25,40,5,1.758,23.602,18.602,0.25,16.44,Downtown,8,EV,1,Mid demand
218,0.25,FALSE,33.489,13.06,2,0.5,0,0,1.861,31.74,31.741,0.125,20.204,Airport,8,Non-EV,0,Mid demand
219,0.5,FALSE,30.507,12.73,2,0.333,0,0,1.837,29.783,29.783,0,19.009,Airport,6,Non-EV,0,Mid demand
220,0.625,TRUE,29.48,11.77,2,0.125,40,5,2.002,30.279,25.282,0.5,13.991,Airport,8,EV,1,Mid demand
221,0.75,TRUE,20.132,6.98,1,0,0,0,2.185,15.045,15.047,0.25,27.192,Downtown,4,EV,1,High demand
222,0.125,FALSE,18.48,8.09,2,0.125,0,0,1.835,18.394,18.394,0.25,12.568,Downtown,8,Non-EV,0,Mid demand
223,0.1,FALSE,20.561,8.37,2,0.5,0,0,1.918,20.363,20.364,0.4,20.373,Downtown,10,Non-EV,0,Mid demand
224,0.2,FALSE,12.766,6.03,2,0.4,0,0,1.79,12.106,12.106,0.2,3.665,Downtown,5,Non-EV,0,Mid demand
225,0.75,TRUE,29.411,11.83,2,0.125,40,5,1.669,30.159,25.156,0.125,21.371,Airport,8,EV,1,Mid demand
226,0.6,TRUE,22.586,8.89,2,0.5,120,12,1.835,29.976,17.977,0.4,17.19,Suburb_North,10,EV,1,Mid demand
227,0.3076923076923077,FALSE,25.315,9.96,2,0.385,40,3.077,1.962,25.988,22.912,0.154,19.682,Airport,13,Non-EV,0,Mid demand
228,0.35294117647058826,FALSE,21.993,8.51,1,0.235,0,0,1.95,20.37,20.37,0.353,19.012,Downtown,17,Non-EV,0,High demand
229,0.5,FALSE,23.042,8.4,2,0.429,120,8.571,2.081,28.832,20.261,0.143,18.299,Downtown,14,Non-EV,0,Mid demand
230,0.3333333333333333,FALSE,20.88,9.53,1,0,0,0,1.717,20.44,20.44,0,8.103,Downtown,3,Non-EV,0,High demand
231,0.375,FALSE,25.843,12.35,2,0,0,0,1.559,25.536,25.538,0.375,16.289,Suburb_South,8,Non-EV,0,Mid demand
232,0.7,TRUE,21.072,8.94,2,0.2,80,8,1.81,25.969,17.97,0.1,12.506,Downtown,10,EV,1,Mid demand
233,0.5454545454545454,TRUE,32.985,12.78,1,0.273,40,3.636,1.772,33.056,29.42,0.182,25.371,Airport,11,EV,1,High demand
234,0.5384615384615384,TRUE,14.653,5.88,2,0.308,80,6.154,1.883,19.932,13.78,0.231,14.33,Downtown,13,EV,1,Mid demand
235,0.5,FALSE,25.647,9.46,2,0.429,120,8.571,2.015,31.989,23.419,0.429,19.37,Downtown,14,Non-EV,0,Mid demand
236,0.3333333333333333,FALSE,15.973,7.98,2,0.25,0,0,1.635,15.701,15.702,0.333,11.847,Suburb_South,12,Non-EV,0,Mid demand
237,0.5,FALSE,21.977,9.19,2,0.25,0,0,1.801,21.415,21.415,0.125,17.683,Midtown,8,Non-EV,0,Mid demand
238,0.4,FALSE,29.614,12.7,2,0.3,40,4,1.765,31.416,27.416,0.2,17.517,Airport,10,Non-EV,0,Mid demand
239,0.5,FALSE,14.002,6.24,1,0,0,0,1.918,13.438,13.437,0.5,11.88,Downtown,6,Non-EV,0,High demand
240,0.5,FALSE,28.815,11.87,2,0,0,0,1.752,24.83,24.832,0.5,20.912,Airport,4,Non-EV,0,Mid demand
241,0.375,FALSE,18.725,6.84,2,0.5,40,5,2.013,20.69,15.689,0.25,15.759,Downtown,8,Non-EV,0,Mid demand
242,0.2777777777777778,FALSE,24.811,10.31,2,0.333,80,4.444,1.732,26.587,22.142,0.333,18.938,Suburb_South,18,Non-EV,0,Mid demand
243,0.7,TRUE,29.231,10.65,2,0.5,120,12,1.958,35.206,23.207,0.2,21.196,Downtown,10,EV,1,Mid demand
244,0.45454545454545453,FALSE,19.795,7.75,1,0.273,80,7.273,1.915,24.445,17.174,0.273,14.281,Downtown,11,Non-EV,0,High demand
245,0.36363636363636365,FALSE,28.431,11.81,2,0.273,40,3.636,1.828,29.273,25.636,0.273,15.772,Airport,11,Non-EV,0,Mid demand
246,0.42857142857142855,FALSE,26.586,8.9,2,0.714,80,11.429,2.196,34.91,23.481,0.571,21.287,Midtown,7,Non-EV,0,Mid demand
247,0.375,FALSE,29.105,10.23,2,0.5,80,10,1.958,32.701,22.702,0.125,20.888,Airport,8,Non-EV,0,Mid demand
248,0.3076923076923077,FALSE,24.176,9.6,2,0.462,80,6.154,1.969,27.845,21.692,0.231,17.57,Airport,13,Non-EV,0,Mid demand
249,0.3333333333333333,FALSE,22.246,9.99,2,0.111,0,0,1.699,20.01,20.011,0.111,12.751,Suburb_South,9,Non-EV,0,Mid demand
250,0.4166666666666667,FALSE,23.532,9.44,2,0.417,120,10,1.839,30.062,20.061,0.25,18.994,Airport,12,Non-EV,0,Mid demand
251,0.14285714285714285,FALSE,23.909,9.9,2,0.429,0,0,1.81,23.631,23.631,0.143,18.303,Airport,7,Non-EV,0,Mid demand
252,0.3333333333333333,FALSE,18.625,8.07,2,0.25,40,3.333,1.833,19.833,16.501,0.167,15.758,Downtown,12,Non-EV,0,Mid demand
253,0.6,TRUE,20.699,8.39,2,0.3,80,8,1.853,25.771,17.773,0.2,13.11,Downtown,10,EV,1,Mid demand
254,0.36363636363636365,FALSE,21.069,8.92,2,0.273,80,7.273,1.769,26.519,19.246,0.273,18.272,Suburb_North,11,Non-EV,0,Mid demand
255,0.35714285714285715,FALSE,17.256,6.88,2,0.357,0,0,1.954,16.14,16.139,0.214,13.165,Downtown,14,Non-EV,0,Mid demand
256,0.16666666666666666,FALSE,16.015,8.48,2,0.083,0,0,1.588,16.014,16.013,0.167,11.865,Downtown,12,Non-EV,0,Mid demand
257,0.29411764705882354,FALSE,15.821,7.05,2,0.235,40,2.353,1.792,17.455,15.102,0.176,12.419,Downtown,17,Non-EV,0,Mid demand
258,0.3333333333333333,FALSE,16.183,7.32,2,0.333,40,4.444,1.803,19.594,15.15,0.556,5.837,Downtown,9,Non-EV,0,Mid demand
259,0.35714285714285715,FALSE,22.246,9.41,2,0.286,40,2.857,1.719,24.274,21.416,0.214,16.496,Airport,14,Non-EV,0,Mid demand
260,0.6,TRUE,9.636,4.29,2,0.2,0,0,1.814,9.036,9.036,0.6,4.11,Downtown,5,EV,1,Mid demand
261,0.7,TRUE,28.592,10.25,2,0.6,120,12,2.072,35.066,23.066,0.3,15.968,Downtown,10,EV,1,Mid demand
262,0.38461538461538464,FALSE,35.39,13.42,2,0.308,80,6.154,1.881,37.443,31.288,0.077,22.116,Airport,13,Non-EV,0,Mid demand
263,0.16666666666666666,FALSE,24.33,10.43,2,0.167,0,0,1.875,24.33,24.332,0.5,17.033,Airport,6,Non-EV,0,Mid demand
264,0.42857142857142855,FALSE,17.67,8.42,2,0.143,0,0,1.751,17.14,17.141,0.143,13.294,Airport,7,Non-EV,0,Mid demand
265,0.7777777777777778,TRUE,29.542,10.99,2,0.556,120,13.333,1.982,39.292,25.959,0.333,16.64,Suburb_North,9,EV,1,Mid demand
266,0.46153846153846156,FALSE,21.735,9.74,3,0.231,40,3.077,1.747,22.932,19.856,0.462,12.661,Suburb_North,13,Non-EV,0,Low demand
267,0.4,FALSE,19.144,8.02,2,0.3,40,4,1.928,22.272,18.271,0.1,15.076,Downtown,10,Non-EV,0,Mid demand
268,0.5,FALSE,17.372,7.2,2,0.071,0,0,1.682,15.054,15.053,0.286,15.929,Midtown,14,Non-EV,0,Mid demand
269,0.4444444444444444,FALSE,30.319,11.48,2,0.333,80,8.889,1.934,34.858,25.969,0.222,20.554,Suburb_South,9,Non-EV,0,Mid demand
270,0.5,FALSE,33.641,13.79,2,0.375,40,5,1.923,35.571,30.57,0.125,13.58,Airport,8,Non-EV,0,Mid demand
271,0.5,FALSE,30.63,13.2,2,0,0,0,1.53,23.428,23.43,0.333,28.898,Suburb_North,6,Non-EV,0,Mid demand
272,0.6666666666666666,TRUE,33.241,12.27,1,0.111,40,4.444,1.9,30.021,25.578,0.222,22.682,Airport,9,EV,1,High demand
273,0.5,FALSE,21.575,9.52,2,0.25,40,5,1.699,23.75,18.75,0.5,16.555,Suburb_North,8,Non-EV,0,Mid demand
274,0.2857142857142857,FALSE,27.691,11.05,1,0.143,40,5.714,2.014,32.381,26.667,0.714,17.749,Airport,7,Non-EV,0,High demand
275,0.42857142857142855,FALSE,32.68,12.41,1,0.429,0,0,1.971,31.301,31.301,0,19.78,Airport,7,Non-EV,0,High demand
276,0.2857142857142857,FALSE,18.976,8.25,2,0.357,120,8.571,1.904,25.284,16.713,0.286,7.887,Downtown,14,Non-EV,0,Mid demand
277,0.3,FALSE,25.563,10.72,2,0.4,80,8,1.884,31.637,23.637,0,18.137,Airport,10,Non-EV,0,Mid demand
278,0.4,FALSE,42.016,16.9,1,0.2,0,0,1.87,40.434,40.436,0.2,15.901,Airport,5,Non-EV,0,High demand
279,0.23076923076923078,FALSE,19.302,7.79,2,0.308,80,6.154,1.863,23.037,16.883,0.385,16.574,Midtown,13,Non-EV,0,Mid demand
280,0.2727272727272727,FALSE,28.923,10.95,2,0.455,80,7.273,1.992,34.192,26.918,0.364,16.612,Airport,11,Non-EV,0,Mid demand
281,0.5,FALSE,19.251,7.97,2,0.25,40,3.333,1.768,19.847,16.511,0.167,14.025,Midtown,12,Non-EV,0,Mid demand
282,0.6666666666666666,TRUE,21.575,7.91,2,0.333,80,13.333,1.972,29.787,16.453,0.667,15.004,Downtown,6,EV,1,Mid demand
283,0.5714285714285714,TRUE,22.897,8.13,2,0.714,120,17.143,2.023,34.567,17.423,0.143,21.082,Midtown,7,EV,1,Mid demand
284,0.3333333333333333,FALSE,27.198,10.62,1,0.2,120,8,1.973,31.875,23.875,0.2,15.384,Airport,15,Non-EV,0,High demand
285,0.38461538461538464,FALSE,16.278,7.13,2,0.385,120,9.231,1.793,24.243,15.013,0.154,11.024,Downtown,13,Non-EV,0,Mid demand
286,0.4,FALSE,24.486,10.54,1,0.2,0,0,1.764,23.908,23.91,0.2,23.202,Airport,5,Non-EV,0,High demand
287,0.375,FALSE,17.46,6.65,2,0.625,40,5,1.919,19.195,14.196,0.375,14.28,Suburb_South,8,Non-EV,0,Mid demand
288,0.5833333333333334,TRUE,18.396,7.29,2,0.333,40,3.333,1.875,19.988,16.657,0,14.5,Downtown,12,EV,1,Mid demand
289,0.2727272727272727,FALSE,20.548,9.13,2,0.091,0,0,1.772,19.761,19.761,0.182,12.062,Downtown,11,Non-EV,0,Mid demand
290,0.42857142857142855,FALSE,17.911,7.79,2,0.286,40,5.714,1.871,22.316,16.6,0.714,16.945,Downtown,7,Non-EV,0,Mid demand
291,0.5,FALSE,20.784,8.89,2,0.167,40,3.333,1.802,22.167,18.833,0.333,13.458,Downtown,12,Non-EV,0,Mid demand
292,0.6,TRUE,27.684,11.5,2,0.1,40,4,1.749,27.364,23.362,0.1,17.483,Airport,10,EV,1,Mid demand
293,0.5,FALSE,28.798,10.18,2,0.5,160,10,2.071,32.468,22.468,0.25,20.982,Airport,16,Non-EV,0,Mid demand
294,0.42857142857142855,FALSE,29.597,11.41,2,0.286,40,5.714,1.851,31.326,25.613,0,27.822,Airport,7,Non-EV,0,Mid demand
295,0.3333333333333333,FALSE,13.204,6.43,2,0.222,0,0,1.597,12.519,12.519,0.111,10.42,Downtown,9,Non-EV,0,Mid demand
296,0.36363636363636365,FALSE,16.611,7.82,2,0.182,0,0,1.836,16.035,16.035,0.364,8.813,Downtown,11,Non-EV,0,Mid demand
297,0.3333333333333333,FALSE,21.464,9.72,2,0.222,40,4.444,1.712,24.718,20.272,0.333,10.131,Suburb_North,9,Non-EV,0,Mid demand
298,0.625,TRUE,23.189,9.46,2,0.25,40,5,1.698,26.684,21.685,0.375,23.936,Suburb_South,8,EV,1,Mid demand
299,0.5555555555555556,TRUE,30.169,9.93,2,0.444,80,8.889,2.043,35.861,26.971,0.444,27.608,Airport,9,EV,1,Mid demand
300,0.45454545454545453,FALSE,17.238,7.21,2,0.364,80,7.273,1.805,22.996,15.723,0.182,19.267,Downtown,11,Non-EV,0,Mid demand
301,0.45454545454545453,FALSE,23.043,10.16,2,0.273,80,7.273,1.655,28.709,21.436,0.182,16.207,Suburb_South,11,Non-EV,0,Mid demand
302,0.4,FALSE,24.895,8.93,1,0.3,80,8,2.078,31.514,23.514,0.4,23.5,Downtown,10,Non-EV,0,High demand
303,0.7,TRUE,26.384,10.02,2,0.3,80,8,1.764,30.442,22.439,0.5,24.843,Suburb_North,10,EV,1,Mid demand
304,0.2222222222222222,FALSE,33.529,12.01,1,0.667,0,0,2.15,31.368,31.366,0.444,17.432,Airport,9,Non-EV,0,High demand
305,0.7142857142857143,TRUE,17.456,7.44,1,0,0,0,1.773,14.67,14.671,0.143,12.096,Downtown,7,EV,1,High demand
306,0.3333333333333333,FALSE,33.07,13.37,1,0.333,40,13.333,1.81,40.553,27.22,0,26.614,Airport,3,Non-EV,0,High demand
307,0.3333333333333333,FALSE,18.423,7.4,2,0.333,0,0,1.947,18.077,18.075,0.167,15.691,Downtown,6,Non-EV,0,Mid demand
308,0.5,FALSE,32.688,12.12,2,0.25,0,0,1.943,30.308,30.31,0.375,24.889,Airport,8,Non-EV,0,Mid demand
309,0.4166666666666667,FALSE,21.604,7.96,2,0.5,80,6.667,2.056,25.278,18.611,0.25,14.935,Downtown,12,Non-EV,0,Mid demand
310,0.8,TRUE,31.146,10.55,1,0.4,80,16,2.198,38.552,22.552,0.6,18.177,Airport,5,EV,1,High demand
311,0.6666666666666666,TRUE,24.497,10.1,2,0.167,40,3.333,1.743,23.524,20.192,0.25,17.131,Suburb_South,12,EV,1,Mid demand
312,0.5714285714285714,TRUE,18.817,8.34,2,0.143,40,5.714,1.744,22.697,16.983,0.286,7.51,Downtown,7,EV,1,Mid demand
313,0.6666666666666666,TRUE,19.542,8,2,0.111,40,4.444,1.773,19.796,15.351,0.222,15.018,Midtown,9,EV,1,Mid demand
314,0.30434782608695654,FALSE,16.232,7.26,2,0.217,80,3.478,1.747,18.961,15.483,0.261,13.136,Downtown,23,Non-EV,0,Mid demand
315,0,FALSE,19.146,8.19,2,0.5,0,0,1.95,19.146,19.146,0.125,11.96,Downtown,8,Non-EV,0,Mid demand
316,0.3333333333333333,FALSE,22.469,9.13,2,0.222,40,4.444,1.92,24.62,20.176,0.333,18.94,Downtown,9,Non-EV,0,Mid demand
317,0.18181818181818182,FALSE,27.03,11.9,2,0.182,0,0,1.762,26.17,26.17,0.091,19.394,Airport,11,Non-EV,0,Mid demand
318,0.5555555555555556,TRUE,17.378,6.11,2,0.556,120,13.333,2.043,27.109,13.777,0.667,15.751,Downtown,9,EV,1,Mid demand
319,0.3076923076923077,FALSE,18.657,7.93,1,0.077,40,3.077,1.765,19.698,16.622,0.077,14.765,Downtown,13,Non-EV,0,High demand
320,0.8333333333333334,TRUE,30.402,11.95,2,0.333,80,13.333,1.818,36.3,22.965,0.333,17.949,Airport,6,EV,1,Mid demand
321,0.6923076923076923,TRUE,24.028,9.48,1,0.231,80,6.154,1.91,25.875,19.722,0.154,17.712,Downtown,13,EV,1,High demand
322,0.25,FALSE,11.98,6.41,2,0,0,0,1.564,11.899,11.899,0.5,3.997,Downtown,8,Non-EV,0,Mid demand
323,0.2,FALSE,19.921,9.11,2,0.2,0,0,1.703,19.883,19.882,0.2,16.591,Airport,15,Non-EV,0,Mid demand
324,0.3333333333333333,FALSE,10.907,4.94,2,0.222,40,4.444,1.852,14.427,9.982,0.222,7.799,Downtown,9,Non-EV,0,Mid demand
325,0.45454545454545453,FALSE,20.88,9.14,2,0.091,40,3.636,1.863,22.197,18.561,0.364,11.603,Downtown,11,Non-EV,0,Mid demand
326,0.42857142857142855,FALSE,18.12,7.28,2,0.286,0,0,1.781,18.12,18.12,0.143,18.575,Downtown,7,Non-EV,0,Mid demand
327,0.2,FALSE,24.995,12.32,2,0.1,0,0,1.607,24.995,24.995,0.3,13.725,Airport,10,Non-EV,0,Mid demand
328,0.09090909090909091,FALSE,13.652,6.85,2,0.273,0,0,1.66,13.517,13.518,0.364,6.67,Suburb_North,11,Non-EV,0,Mid demand
329,0.14285714285714285,FALSE,13.804,5.63,2,0.571,0,0,1.909,13.806,13.806,0.143,9.643,Downtown,7,Non-EV,0,Mid demand
330,0.1,FALSE,16.058,6.89,2,0.3,0,0,1.817,16.036,16.036,0,17.442,Downtown,10,Non-EV,0,Mid demand
331,0.3333333333333333,FALSE,14.772,6.34,2,0.167,0,0,1.837,14.273,14.272,0.333,6.083,Downtown,6,Non-EV,0,Mid demand
332,0.5454545454545454,TRUE,28.587,9.87,2,0.455,120,10.909,2.044,33.911,23.001,0.455,26.28,Airport,11,EV,1,Mid demand
333,0.3,FALSE,22.284,8.5,1,0.6,80,8,2.183,28.629,20.629,0.3,17.605,Downtown,10,Non-EV,0,High demand
334,0.4444444444444444,FALSE,19.166,8.41,2,0.444,40,4.444,1.846,23.101,18.658,0.111,9.694,Downtown,9,Non-EV,0,Mid demand
335,0.6,TRUE,19.535,8.37,2,0.1,40,4,1.774,21.339,17.339,0.3,12.765,Downtown,10,EV,1,Mid demand
336,0.25,FALSE,21.704,9.55,2,0.125,0,0,1.819,20.922,20.921,0.375,15.156,Airport,8,Non-EV,0,Mid demand
337,0.5714285714285714,TRUE,16.313,6.94,2,0.214,80,5.714,1.684,20.739,15.023,0.286,13.587,Downtown,14,EV,1,Mid demand
338,0.5,FALSE,42.137,14.05,1,0.5,80,13.333,2.242,47.542,34.207,0.167,31.188,Airport,6,Non-EV,0,High demand
339,0.5833333333333334,TRUE,24.19,10.49,2,0.25,80,6.667,1.749,29.318,22.652,0.167,14.773,Airport,12,EV,1,Mid demand
340,0.3,FALSE,21.112,9.43,2,0.2,0,0,1.741,19.873,19.874,0.4,14.573,Airport,10,Non-EV,0,Mid demand
341,0.18181818181818182,FALSE,30.305,11.58,2,0.364,40,3.636,1.97,31.062,27.426,0.273,22.696,Airport,11,Non-EV,0,Mid demand
342,0.5714285714285714,TRUE,22.34,9.3,2,0.143,0,0,1.796,20.373,20.374,0.143,12.101,Suburb_North,7,EV,1,Mid demand
343,0.14285714285714285,FALSE,18.533,7.23,2,0.429,0,0,1.936,18.456,18.456,0.286,15.843,Downtown,7,Non-EV,0,Mid demand
344,0.5714285714285714,TRUE,27.074,11.22,2,0.286,0,0,1.817,24.694,24.694,0.857,16.18,Suburb_North,7,EV,1,Mid demand
345,0.45454545454545453,FALSE,32.097,11.77,2,0.455,40,3.636,2.009,34.09,30.455,0.273,19.366,Airport,11,Non-EV,0,Mid demand
346,0.3333333333333333,FALSE,16.779,7.43,2,0.111,0,0,1.817,15.928,15.929,0.444,9.098,Downtown,9,Non-EV,0,Mid demand
347,0.4,FALSE,27.104,8.6,1,0.9,160,16,2.259,37.827,21.827,0.3,23.747,Midtown,10,Non-EV,0,High demand
348,0.46153846153846156,FALSE,20.309,9.51,2,0.154,40,3.077,1.649,21.8,18.725,0,11.762,Suburb_North,13,Non-EV,0,Mid demand
349,0.7,TRUE,20.984,7.63,2,0.2,80,8,1.873,24.028,16.029,0.1,20.87,Downtown,10,EV,1,Mid demand
350,0.2,FALSE,18.869,8.32,2,0.2,0,0,1.74,18.573,18.572,0.2,15.874,Downtown,10,Non-EV,0,Mid demand
351,0.5,FALSE,27.878,11.61,1,0.2,40,4,1.8,30.617,26.617,0.2,19.092,Airport,10,Non-EV,0,High demand
352,0.16666666666666666,FALSE,31.034,12.07,2,0.25,0,0,1.916,30.429,30.43,0.25,19.591,Airport,12,Non-EV,0,Mid demand
353,0.25,FALSE,29.1,10.37,1,0.375,80,10,2.072,36.251,26.251,0.125,24.044,Airport,8,Non-EV,0,High demand
354,0.5555555555555556,TRUE,26.328,9.84,1,0.111,40,4.444,1.962,25.301,20.857,0.222,21.64,Downtown,9,EV,1,High demand
355,0.42857142857142855,FALSE,16.601,7.89,2,0.143,0,0,1.69,15.971,15.971,0.286,5.417,Downtown,7,Non-EV,0,Mid demand
356,0.5714285714285714,TRUE,13.973,6.47,2,0.143,40,5.714,1.701,18.264,12.549,0.429,3.604,Midtown,7,EV,1,Mid demand
357,0.4444444444444444,FALSE,18.229,8.27,2,0.111,0,0,1.744,17.212,17.216,0.333,11.791,Downtown,9,Non-EV,0,Mid demand
358,0.16666666666666666,FALSE,24.538,11.4,2,0.167,40,3.333,1.701,25.994,22.661,0.167,13.829,Suburb_North,12,Non-EV,0,Mid demand
359,0.5,FALSE,17.18,7.36,2,0.25,80,10,1.764,25.88,15.881,0.25,16.955,Downtown,8,Non-EV,0,Mid demand
360,0.14285714285714285,FALSE,17.057,7.24,1,0.286,0,0,1.947,16.854,16.854,0.571,11.797,Downtown,7,Non-EV,0,High demand
361,0.5555555555555556,TRUE,30.542,11.81,2,0.222,40,4.444,1.873,29.83,25.384,0.222,17.08,Airport,9,EV,1,Mid demand
362,0.8333333333333334,TRUE,22.503,10.58,2,0.333,80,13.333,1.592,34.207,20.877,0.167,11.005,Suburb_North,6,EV,1,Mid demand
363,0.45454545454545453,FALSE,21.803,9.24,2,0.091,0,0,1.815,19.209,19.21,0.364,13.75,Downtown,11,Non-EV,0,Mid demand
364,0.5333333333333333,TRUE,25.654,9.15,1,0.467,120,8,2.075,31.225,23.225,0.4,20.94,Downtown,15,EV,1,High demand
365,0.2222222222222222,FALSE,24.891,10.17,2,0.333,0,0,1.82,24.326,24.324,0.444,16.802,Airport,9,Non-EV,0,Mid demand
366,0.4166666666666667,FALSE,21.096,8.68,2,0.25,0,0,1.888,20.434,20.433,0.25,16.239,Downtown,12,Non-EV,0,Mid demand
367,0.5454545454545454,TRUE,15.621,6.46,2,0.182,40,3.636,1.933,17.572,13.935,0.364,4.555,Downtown,11,EV,1,Mid demand
368,0.6,TRUE,29.568,11.15,2,0.4,40,8,1.99,34.896,26.894,0.4,23.924,Airport,5,EV,1,Mid demand
369,0.5,FALSE,24.162,9.3,2,0.429,160,11.429,1.989,31.397,19.969,0.143,13.783,Downtown,14,Non-EV,0,Mid demand
370,0.3333333333333333,FALSE,32.506,10.98,2,0.444,40,4.444,2.153,31.542,27.097,0.333,27.029,Airport,9,Non-EV,0,Mid demand
371,0.16666666666666666,FALSE,24.072,8.96,2,0.5,0,0,2.125,23.537,23.537,0.5,15.735,Downtown,6,Non-EV,0,Mid demand
372,0.5333333333333333,TRUE,32.135,12.99,1,0.133,40,2.667,1.845,31.419,28.751,0.067,17.078,Airport,15,EV,1,High demand
373,0.7,TRUE,27.364,9.6,1,0.4,80,8,2.133,32.336,24.336,0.4,21.948,Downtown,10,EV,1,High demand
374,0.4,FALSE,25.157,9.98,2,0.3,40,4,1.931,27.555,23.555,0.3,20.226,Airport,10,Non-EV,0,Mid demand
375,0.45454545454545453,FALSE,16.996,7.53,2,0,0,0,1.665,14.474,14.474,0.091,15.548,Midtown,11,Non-EV,0,Mid demand
376,0.4444444444444444,FALSE,28.051,10.62,1,0.222,0,0,1.97,26.76,26.76,0.222,24.699,Downtown,9,Non-EV,0,High demand
377,0.4,FALSE,12.599,5.25,2,0.1,0,0,1.925,11.51,11.51,0.5,6.445,Downtown,10,Non-EV,0,Mid demand
378,0.3333333333333333,FALSE,11.753,6.15,2,0.083,0,0,1.582,11.359,11.36,0.167,6.033,Midtown,12,Non-EV,0,Mid demand
379,0.2222222222222222,FALSE,12.092,5.85,2,0.222,40,4.444,1.812,15.967,11.522,0.111,5.656,Downtown,9,Non-EV,0,Mid demand
380,1,TRUE,32.473,12.25,1,0.667,80,26.667,2.063,51.957,25.293,0,11.277,Airport,3,EV,1,High demand
381,0.375,FALSE,18.871,8.9,2,0,0,0,1.7,17.697,17.698,0.375,11.01,Suburb_South,8,Non-EV,0,Mid demand
382,0.4166666666666667,FALSE,17.298,6.87,2,0.417,120,10,1.968,25.626,15.625,0.167,15.736,Downtown,12,Non-EV,0,Mid demand
383,0.5714285714285714,TRUE,15.909,6.19,2,0.5,160,11.429,1.986,25.098,13.67,0.214,7.842,Downtown,14,EV,1,Mid demand
384,0.5,FALSE,29.018,10.4,2,0.5,120,15,2.041,37.621,22.621,0.25,19.35,Downtown,8,Non-EV,0,Mid demand
385,0.3,FALSE,24.396,9.62,2,0.3,0,0,1.873,22.335,22.333,0.1,18.927,Midtown,10,Non-EV,0,Mid demand
386,0.25,FALSE,32.433,12.49,1,0,0,0,1.883,28.672,28.672,0.75,26.021,Airport,4,Non-EV,0,High demand
387,0.75,TRUE,21.4,9.02,2,0.25,80,10,1.695,27.306,17.308,0.375,11.991,Suburb_North,8,EV,1,Mid demand
388,0.2857142857142857,FALSE,13.997,6.71,2,0,0,0,1.586,13.904,13.906,0.286,10.285,Downtown,7,Non-EV,0,Mid demand
389,0.21428571428571427,FALSE,30.287,11.53,2,0.429,80,5.714,2.056,33.526,27.811,0.357,16.135,Airport,14,Non-EV,0,Mid demand
390,0.42857142857142855,FALSE,33.224,12.03,1,0.286,40,5.714,1.93,32.911,27.196,0.143,25.17,Airport,7,Non-EV,0,High demand
391,0.4166666666666667,FALSE,24.922,11.45,2,0.083,40,3.333,1.668,27.623,24.289,0.167,14.228,Airport,12,Non-EV,0,Mid demand
392,0.4444444444444444,FALSE,20.694,8.72,2,0.333,80,8.889,1.763,26.187,17.297,0.222,15.689,Airport,9,Non-EV,0,Mid demand
393,0.4444444444444444,FALSE,26.401,10.28,2,0.333,40,4.444,2.022,28.877,24.433,0.444,15.317,Airport,9,Non-EV,0,Mid demand
394,0.1111111111111111,FALSE,23.996,9.23,1,0.444,40,4.444,1.971,28.053,23.609,0.222,20.101,Downtown,9,Non-EV,0,High demand
395,0.5555555555555556,TRUE,19.908,8.82,2,0.111,0,0,1.714,18.672,18.673,0.333,15.842,Downtown,9,EV,1,Mid demand
396,0.3333333333333333,FALSE,21.204,7.77,2,0.533,160,10.667,2.027,29.712,19.045,0.2,19.565,Downtown,15,Non-EV,0,Mid demand
397,0.6,TRUE,19.578,9.71,2,0.2,0,0,1.542,19.18,19.18,0,8.438,Suburb_South,5,EV,1,Mid demand
398,0.4,FALSE,23.843,8.88,2,0.5,120,12,2.077,31.73,19.73,0.2,13.042,Downtown,10,Non-EV,0,Mid demand
399,0.4166666666666667,FALSE,21.658,9.33,2,0.167,40,3.333,1.783,23.888,20.554,0.333,14.147,Airport,12,Non-EV,0,Mid demand
400,0.3,FALSE,24.709,9.44,2,0.4,80,8,1.944,28.222,20.222,0.2,18.164,Downtown,10,Non-EV,0,Mid demand
401,0.25,FALSE,24.821,9.58,1,0.25,40,5,2.007,27.089,22.089,0.125,15.094,Airport,8,Non-EV,0,High demand
402,0.4166666666666667,FALSE,26.782,10.74,2,0.333,0,0,1.965,24.962,24.961,0.333,16.642,Airport,12,Non-EV,0,Mid demand
403,0.2,FALSE,27.821,12.81,2,0.1,0,0,1.673,26.083,26.083,0,14.483,Airport,10,Non-EV,0,Mid demand
404,0.3076923076923077,FALSE,22.632,8.41,2,0.538,80,6.154,1.985,26.868,20.715,0.077,20.347,Midtown,13,Non-EV,0,Mid demand
405,0.7777777777777778,TRUE,19.306,7.99,2,0.444,120,13.333,1.773,29.261,15.929,0.111,12.05,Suburb_North,9,EV,1,Mid demand
406,0.4166666666666667,FALSE,18.075,8.5,2,0.083,0,0,1.723,17.267,17.268,0.25,13.694,Downtown,12,Non-EV,0,Mid demand
407,0.35714285714285715,FALSE,20.704,9.4,2,0.214,120,8.571,1.711,27.739,19.168,0.143,14.855,Suburb_South,14,Non-EV,0,Mid demand
408,0,FALSE,24.241,11.31,2,0,0,0,1.623,24.243,24.243,0.143,17.821,Airport,7,Non-EV,0,Mid demand
409,0.2727272727272727,FALSE,13.076,6.74,2,0.182,40,3.636,1.607,15.964,12.328,0.182,8.463,Midtown,11,Non-EV,0,Mid demand
410,0.4444444444444444,FALSE,18.829,8.8,2,0.222,0,0,1.713,17.811,17.813,0.333,11.45,Suburb_South,9,Non-EV,0,Mid demand
411,0.3125,FALSE,24.776,9.22,2,0.375,120,7.5,2.019,30.226,22.726,0.188,17.203,Airport,16,Non-EV,0,Mid demand
412,0.5333333333333333,TRUE,21.906,8.02,2,0.267,120,8,1.826,24.729,16.729,0.133,25.978,Downtown,15,EV,1,Mid demand
413,0.45454545454545453,FALSE,14.337,5.88,2,0.455,120,10.909,1.837,24.338,13.429,0.182,15.082,Midtown,11,Non-EV,0,Mid demand
414,0.5,FALSE,20.642,8.69,2,0.2,80,8,1.754,26.371,18.371,0.1,14.249,Downtown,10,Non-EV,0,Mid demand
415,0.5,FALSE,22.147,9.02,2,0.2,80,8,1.871,26.972,18.972,0.2,12.318,Downtown,10,Non-EV,0,Mid demand
416,0.45454545454545453,FALSE,21.768,8.81,1,0.182,0,0,1.938,19.742,19.74,0.091,13.108,Downtown,11,Non-EV,0,High demand
417,0.4666666666666667,FALSE,27.439,10.72,2,0.2,40,2.667,1.951,25.481,22.813,0.467,17.399,Airport,15,Non-EV,0,Mid demand
418,0.3333333333333333,FALSE,23.774,9.24,2,0.238,0,0,1.921,23.291,23.292,0.381,17.817,Downtown,21,Non-EV,0,Mid demand
419,0.16666666666666666,FALSE,21.805,9.8,2,0.167,0,0,1.825,20.41,20.41,0.167,14.512,Downtown,6,Non-EV,0,Mid demand
420,0.5,FALSE,30.218,12.08,2,0.25,40,3.333,1.789,29.925,26.593,0.167,19.049,Airport,12,Non-EV,0,Mid demand
421,0.4375,FALSE,20.054,7.92,2,0.375,160,10,1.893,27.311,17.311,0.438,18.353,Downtown,16,Non-EV,0,Mid demand
422,0.625,TRUE,22.445,9.11,2,0.125,40,5,1.841,23.716,18.718,0.375,15.331,Downtown,8,EV,1,Mid demand
423,0.45454545454545453,FALSE,22.492,8.93,2,0.636,80,7.273,1.962,27.534,20.261,0.364,14.67,Downtown,11,Non-EV,0,Mid demand
424,0.16666666666666666,FALSE,22.397,9.49,2,0.333,0,0,1.707,19.633,19.633,0,24.218,Airport,6,Non-EV,0,Mid demand
425,0.375,FALSE,23.78,10.02,2,0.25,40,5,1.736,27.132,22.131,0.25,21.089,Midtown,8,Non-EV,0,Mid demand
426,0.21428571428571427,FALSE,19.591,8.16,2,0.214,40,2.857,1.816,21.178,18.321,0.071,15.641,Airport,14,Non-EV,0,Mid demand
427,0.35714285714285715,FALSE,29.62,11.12,2,0.286,40,2.857,1.976,31.121,28.264,0.357,17.035,Airport,14,Non-EV,0,Mid demand
428,0.14285714285714285,FALSE,23.514,10.05,3,0.429,0,0,1.784,23.253,23.253,0.429,16.262,Suburb_South,7,Non-EV,0,Low demand
429,0.4166666666666667,FALSE,24.428,9.65,2,0.25,40,3.333,1.908,26.697,23.363,0.333,12.485,Airport,12,Non-EV,0,Mid demand
430,0.2,FALSE,24.414,9.67,1,0.3,0,0,2.001,23.842,23.843,0.2,17.921,Downtown,10,Non-EV,0,High demand
431,0.38461538461538464,FALSE,20.111,8.51,2,0.231,40,3.077,1.768,22.895,19.818,0.308,17.816,Airport,13,Non-EV,0,Mid demand
432,0.4,FALSE,11.213,5.12,2,0.1,0,0,1.734,10.547,10.548,0.2,5.167,Downtown,10,Non-EV,0,Mid demand
433,0,FALSE,24.206,9.99,3,0.2,0,0,1.8,24.208,24.208,0.4,20.226,Suburb_South,5,Non-EV,0,Low demand
434,0.5555555555555556,TRUE,21.807,9.39,2,0.556,120,13.333,1.922,33.391,20.057,0.222,9.417,Downtown,9,EV,1,Mid demand
435,0.2,FALSE,17.032,6.98,2,0.6,0,0,1.902,16.614,16.612,0.4,7.482,Suburb_South,5,Non-EV,0,Mid demand
436,0.7142857142857143,TRUE,22.909,10.42,2,0.143,0,0,1.731,21.794,21.796,0.143,14.99,Downtown,7,EV,1,Mid demand
437,0.42857142857142855,FALSE,13.429,7.14,2,0,0,0,1.606,12.42,12.421,0.571,4.463,Downtown,7,Non-EV,0,Mid demand
438,0.3333333333333333,FALSE,25.605,10.52,2,0.333,40,6.667,1.9,30.418,23.752,0.333,11.754,Downtown,6,Non-EV,0,Mid demand
439,0.38461538461538464,FALSE,21.784,9.6,2,0.231,0,0,1.757,20.861,20.859,0.231,14.798,Airport,13,Non-EV,0,Mid demand
440,0.5,FALSE,22.714,9.07,2,0.5,80,10,1.985,29.758,19.759,0.375,14.566,Suburb_North,8,Non-EV,0,Mid demand
441,0.3076923076923077,FALSE,28.338,10.45,1,0.231,0,0,1.965,28.157,28.156,0.308,20.929,Airport,13,Non-EV,0,High demand
442,0.25,FALSE,25.414,9.57,2,0.5,120,6,2.07,29.231,23.23,0.5,19.243,Airport,20,Non-EV,0,Mid demand
443,0.45454545454545453,FALSE,39.179,14.93,2,0.182,80,7.273,1.907,38.965,31.692,0.364,22.722,Airport,11,Non-EV,0,Mid demand
444,0.4444444444444444,FALSE,19.993,8.83,1,0.111,40,4.444,1.824,22.561,18.114,0.222,16.873,Downtown,9,Non-EV,0,High demand
445,0.4666666666666667,FALSE,23.173,9.07,1,0.2,80,5.333,1.849,25.025,19.691,0.267,18.065,Downtown,15,Non-EV,0,High demand
446,0.3333333333333333,FALSE,20.185,9.06,2,0.167,40,6.667,1.682,23.99,17.322,0,15.797,Downtown,6,Non-EV,0,Mid demand
447,0.36363636363636365,FALSE,19.357,8.11,2,0.273,0,0,1.816,19.135,19.134,0.364,15.079,Downtown,11,Non-EV,0,Mid demand
448,0.38461538461538464,FALSE,23.432,9.41,2,0.308,80,6.154,1.969,26.573,20.42,0.462,16.296,Airport,13,Non-EV,0,Mid demand
449,0.375,FALSE,27.524,11.74,2,0.125,0,0,1.739,26.95,26.949,0.25,18.482,Airport,8,Non-EV,0,Mid demand
450,0.625,TRUE,20.914,9.21,2,0.125,0,0,1.799,19.542,19.54,0.5,10.047,Suburb_North,8,EV,1,Mid demand
451,0.42857142857142855,FALSE,25.227,10.95,2,0.143,40,5.714,1.836,29.704,23.99,0.143,16.052,Airport,7,Non-EV,0,Mid demand
452,0.375,FALSE,16.861,8.57,2,0.25,0,0,1.556,15.582,15.581,0.125,11.041,Suburb_South,8,Non-EV,0,Mid demand
453,0.3333333333333333,FALSE,22.288,9.6,2,0.25,0,0,1.887,20.506,20.505,0.25,16.255,Downtown,12,Non-EV,0,Mid demand
454,0.5833333333333334,TRUE,25.942,10.54,2,0.417,120,10,1.867,32.617,22.615,0.25,15.95,Airport,12,EV,1,Mid demand
455,0.2727272727272727,FALSE,18.936,8.42,2,0.364,0,0,1.727,18.911,18.911,0.182,11.817,Suburb_North,11,Non-EV,0,Mid demand
456,0.1111111111111111,FALSE,19.36,8.33,2,0.444,40,4.444,1.89,22.792,18.348,0.111,15.561,Downtown,9,Non-EV,0,Mid demand
457,0.5714285714285714,TRUE,23.329,8.94,2,0.143,40,2.857,1.926,23.441,20.585,0.429,16.592,Downtown,14,EV,1,Mid demand
458,0.36363636363636365,FALSE,23.121,9.19,2,0.364,40,3.636,1.926,26.025,22.39,0.182,19.216,Downtown,11,Non-EV,0,Mid demand
459,0.16666666666666666,FALSE,16.873,7.35,2,0.167,0,0,1.733,16.872,16.872,0.333,15.246,Downtown,6,Non-EV,0,Mid demand
460,0.16666666666666666,FALSE,15.785,7.72,2,0,0,0,1.472,13.24,13.242,0.167,20.21,Midtown,6,Non-EV,0,Mid demand
461,0.14285714285714285,FALSE,15.524,7.04,2,0.286,0,0,1.68,15.447,15.447,0,11.059,Midtown,7,Non-EV,0,Mid demand
462,0.6363636363636364,TRUE,25.697,10.35,2,0.091,40,3.636,1.798,24.765,21.131,0.364,21.262,Airport,11,EV,1,Mid demand
463,0.6666666666666666,TRUE,31.162,10.2,2,0.167,0,0,1.967,26.408,26.41,0.5,34.267,Airport,6,EV,1,Mid demand
464,0.5,FALSE,21.776,9.26,2,0.2,0,0,1.768,20.593,20.593,0.4,16.77,Suburb_North,10,Non-EV,0,Mid demand
465,0.42857142857142855,FALSE,18.613,6.58,1,0.429,80,11.429,1.98,28.66,17.23,0.143,17.203,Downtown,7,Non-EV,0,High demand
466,0.5454545454545454,TRUE,20.613,9.5,2,0.273,40,3.636,1.647,23.99,20.354,0.182,14.632,Suburb_North,11,EV,1,Mid demand
467,0.2727272727272727,FALSE,24.83,10.31,2,0.364,80,7.273,1.803,29.168,21.895,0.182,19.988,Airport,11,Non-EV,0,Mid demand
468,0.3333333333333333,FALSE,23.893,9.99,1,0.222,0,0,1.909,21.368,21.368,0.556,15.303,Downtown,9,Non-EV,0,High demand
469,0.1111111111111111,FALSE,11.394,6.13,2,0.222,40,4.444,1.664,15.642,11.198,0.111,5.107,Downtown,9,Non-EV,0,Mid demand
470,0.1,FALSE,20.765,8.89,2,0.3,0,0,1.886,20.282,20.283,0.6,9.858,Suburb_South,10,Non-EV,0,Mid demand
471,0.6,TRUE,18.998,7.4,2,0.133,80,5.333,1.919,21.463,16.13,0.267,12.877,Downtown,15,EV,1,Mid demand
472,0.38461538461538464,FALSE,21.088,8.51,2,0.462,120,9.231,1.901,27.408,18.178,0.308,15.811,Downtown,13,Non-EV,0,Mid demand
473,0.35294117647058826,FALSE,31.505,11.07,1,0.471,80,4.706,2.102,31.995,27.289,0.235,24.442,Airport,17,Non-EV,0,High demand
474,0.6666666666666666,TRUE,21.277,9.41,2,0.111,40,4.444,1.669,22.603,18.162,0.444,17.515,Midtown,9,EV,1,Mid demand
475,0.3333333333333333,FALSE,28.471,9.53,1,0.667,80,8.889,2.247,33.389,24.5,0.222,18.981,Downtown,9,Non-EV,0,High demand
476,0.25,FALSE,22.229,8.91,2,0.375,80,5,1.853,24.771,19.77,0.25,19.272,Airport,16,Non-EV,0,Mid demand
477,0.4444444444444444,FALSE,27.536,9.88,1,0.333,40,4.444,2.013,28.65,24.206,0.222,20.834,Downtown,9,Non-EV,0,High demand
478,0.1,FALSE,23.024,9.23,1,0.2,0,0,1.892,21.927,21.928,0.2,20.109,Airport,10,Non-EV,0,High demand
479,0.1111111111111111,FALSE,19.178,7.64,2,0.333,40,4.444,2.028,22.624,18.18,0.333,12.946,Downtown,9,Non-EV,0,Mid demand
480,0.36363636363636365,FALSE,29.757,11.16,2,0.273,40,3.636,1.905,28.244,24.607,0.364,22.82,Airport,11,Non-EV,0,Mid demand
481,0.3,FALSE,18.927,8.12,2,0.2,0,0,1.846,18.535,18.536,0.5,13.783,Downtown,10,Non-EV,0,Mid demand
482,0.3333333333333333,FALSE,23.113,9.2,2,0.25,0,0,1.96,21.387,21.387,0.25,17.929,Downtown,12,Non-EV,0,Mid demand
483,0.45454545454545453,FALSE,18.392,7.15,2,0.091,0,0,1.873,14.566,14.567,0.273,18.367,Downtown,11,Non-EV,0,Mid demand
484,0.42857142857142855,FALSE,28.2,12.12,2,0.143,40,5.714,1.743,31.876,26.161,0,17.076,Airport,7,Non-EV,0,Mid demand
485,0.16666666666666666,FALSE,10.162,5.13,2,0.167,0,0,1.747,10.16,10.158,0.167,3.669,Downtown,6,Non-EV,0,Mid demand
486,0.5,FALSE,20.479,8.43,2,0.286,80,5.714,1.775,23.709,17.995,0.357,16.933,Suburb_North,14,Non-EV,0,Mid demand
487,0.2857142857142857,FALSE,27.131,11.55,2,0.143,40,5.714,1.799,32.414,26.7,0.286,16.489,Airport,7,Non-EV,0,Mid demand
488,0.6363636363636364,TRUE,30.581,11.01,2,0.545,160,14.545,2.015,40.376,25.83,0.182,20.854,Airport,11,EV,1,Mid demand
489,0.6666666666666666,TRUE,20.3,7.6,1,0.5,40,6.667,2.158,23.065,16.398,0.5,17.445,Downtown,6,EV,1,High demand
490,0.2857142857142857,FALSE,32.749,13.1,2,0.143,0,0,1.929,30.689,30.689,0.429,15.623,Airport,7,Non-EV,0,Mid demand
491,0.4,FALSE,25.702,10.4,2,0.2,80,8,1.823,29.936,21.935,0.3,20.234,Airport,10,Non-EV,0,Mid demand
492,0.21428571428571427,FALSE,22.983,9.52,2,0.143,40,2.857,1.779,24.489,21.633,0.286,19.25,Downtown,14,Non-EV,0,Mid demand
493,0.23076923076923078,FALSE,23.877,9.41,2,0.231,0,0,1.926,22.858,22.858,0.077,18.894,Airport,13,Non-EV,0,Mid demand
494,0.5,FALSE,22.355,9.28,2,0,0,0,1.795,21.056,21.058,0.625,15.189,Airport,8,Non-EV,0,Mid demand
495,0.7777777777777778,TRUE,29.434,10.89,1,0.111,40,4.444,1.866,26.323,21.878,0.222,20.733,Downtown,9,EV,1,High demand
496,0.2727272727272727,FALSE,27.752,10.71,2,0.455,80,7.273,1.997,32.833,25.56,0.182,15.26,Downtown,11,Non-EV,0,Mid demand
497,0.45454545454545453,FALSE,26.866,11.43,2,0.364,120,10.909,1.798,34.154,23.244,0.182,13.223,Airport,11,Non-EV,0,Mid demand
498,0.2,FALSE,25.932,10.31,2,0.4,40,4,1.951,28.352,24.353,0.5,18.481,Downtown,10,Non-EV,0,Mid demand
499,0.35714285714285715,FALSE,20.174,8.3,2,0.286,80,5.714,1.875,24.236,18.522,0.143,16.559,Downtown,14,Non-EV,0,Mid demand
500,0.6666666666666666,TRUE,22.623,9.09,2,0.444,80,8.889,1.946,28.258,19.369,0.222,13.651,Suburb_South,9,EV,1,Mid demand
